    {
    
    "metadata" :
    {
    "formatVersion" : 3.1,
    "sourceFile"    : "streetlamp_scaled.obj",
    "generatedBy"   : "OBJConverter",
    "vertices"      : 142,
    "faces"         : 220,
    "normals"       : 131,
    "colors"        : 0,
    "uvs"           : 240,
    "materials"     : 1
    },
    
    "scale" : 1.000000,
    
    "materials": [	{
	"DbgColor" : 15658734,
	"DbgIndex" : 0,
	"DbgName" : "lambert2SG.002",
	"colorAmbient" : [0.0, 0.0, 0.0],
	"colorDiffuse" : [0.0, 0.0, 0.0],
	"colorSpecular" : [0.5, 0.5, 0.5],
	"illumination" : 2,
	"mapDiffuse" : "terrain_1024.jpg",
	"opticalDensity" : 1.0,
	"specularCoef" : 94.117647,
	"transparency" : 0.0
	}],
    
    "vertices": [30.736242,43.551540,-19.386183,31.191906,43.523876,-19.978943,30.153160,43.662178,-19.840393,30.623724,42.145290,-18.819910,31.645889,42.083187,-20.149622,30.338055,42.331215,-21.166529,29.315636,42.393490,-19.838793,30.945244,43.566196,-20.232899,31.203238,45.390369,-20.119789,31.269011,45.347862,-19.584251,31.011013,43.523685,-19.697363,30.413717,43.603230,-19.617689,30.695621,45.596386,-19.494104,30.347954,43.645733,-20.153234,30.629845,45.638897,-20.029638,31.183159,44.811874,-20.226259,31.694866,46.818951,-20.362000,31.831644,46.730545,-19.248363,31.264086,44.759563,-19.567322,30.589653,46.895939,-19.082691,30.529167,44.857426,-19.469299,30.448246,44.909729,-20.128237,30.452873,46.984341,-20.196339,13.298508,47.036877,-17.632496,12.844625,46.988003,-17.039721,13.437973,46.976448,-16.586403,13.249381,45.706722,-18.366760,12.231218,45.597095,-17.037048,13.562210,45.571178,-16.020153,14.580552,45.680695,-17.347878,13.891880,47.025265,-17.178284,13.095366,46.971127,-16.786779,12.999624,48.226994,-16.638393,13.023403,47.002041,-17.322325,12.911087,48.265034,-17.297340,13.652023,48.291401,-17.395374,13.625583,47.023476,-17.402002,13.697538,46.992558,-16.866444,13.740555,48.253365,-16.736425,12.718571,50.246929,-16.251804,12.568935,50.311218,-17.365425,13.821012,50.355770,-17.531086,13.970638,50.291477,-16.417452,23.566875,45.804688,-17.275356,20.579033,46.167118,-16.877403,23.195183,46.038818,-20.279333,23.856802,49.436749,-20.376944,19.881884,49.782848,-19.907427,20.387541,49.550419,-16.363211,22.374290,3.574812,-16.273731,17.999388,3.574812,-16.273731,22.374290,3.574813,-20.648746,30.608732,43.634441,-20.432253,20.207327,46.401241,-19.881386,24.362459,49.204327,-16.832731,17.999388,3.574813,-20.648746,30.257015,39.430603,-18.864954,31.385185,39.362141,-20.333950,32.519348,40.549461,-20.377174,28.048815,41.144882,-19.782679,30.008213,41.025711,-22.330093,28.811275,39.704830,-19.989721,30.026024,39.021400,-20.192701,29.939659,39.636223,-21.456936,30.561214,40.668392,-17.829031,30.680138,41.795296,-18.062429,28.504688,42.207851,-19.753712,30.200115,42.104858,-21.959753,32.375481,41.692379,-20.269360,30.599335,42.394341,-19.257263,29.793285,42.547268,-19.884695,30.422791,42.508953,-20.702723,31.228636,42.356190,-20.077066,25.102509,46.793110,-19.260109,22.364414,47.986671,-19.045788,22.434385,47.951488,-18.510242,25.144773,46.727177,-18.724571,25.019768,46.197659,-19.053394,22.683472,47.436604,-18.850111,30.596806,46.081356,-20.029507,28.020098,46.317669,-19.623449,30.666771,46.046169,-19.493958,28.079247,46.266331,-19.087915,27.899105,45.728970,-19.393030,30.978611,45.453991,-19.847107,13.307189,42.983036,-18.657190,12.183365,42.861954,-17.188173,13.141250,44.364410,-19.530167,15.697948,44.314625,-17.576515,13.746206,44.104565,-15.029103,13.654360,42.833378,-16.065187,13.494926,42.391308,-17.392935,11.190792,44.154339,-16.982019,14.778434,42.954361,-17.532410,11.462552,45.278564,-16.953066,15.365147,45.417404,-17.468714,13.676235,45.235519,-15.262659,13.151230,45.460480,-19.159973,12.676414,45.828556,-17.083141,13.303310,45.896114,-17.902966,14.123503,45.880108,-17.275513,13.496433,45.812645,-16.457485,19.313461,49.927387,-17.425682,21.768015,47.934345,-17.877308,21.698044,47.969524,-18.412853,19.243490,49.962570,-17.961241,21.414713,47.434216,-18.137501,19.046463,49.418613,-17.697714,13.639931,49.733315,-16.697180,16.346575,50.509315,-16.999826,13.569957,49.768501,-17.232735,16.276609,50.544495,-17.535372,16.280796,49.944706,-17.301828,13.219016,49.159100,-16.953407,21.879953,7.773364,-20.154469,21.879953,7.773356,-16.768005,18.493624,7.773356,-16.768005,18.493624,7.773364,-20.154469,21.151634,8.336144,-17.496386,21.151634,8.336144,-19.426088,21.187454,18.486246,-19.426085,21.187454,18.486246,-17.496382,18.854832,18.486246,-17.496382,19.221947,8.336144,-17.496386,19.221947,8.336144,-19.426088,18.854832,18.486246,-19.426085,23.354876,50.624855,-19.718735,21.035906,50.924343,-19.409567,23.642244,50.440716,-17.384865,22.885269,47.618114,-19.566162,20.972795,47.664955,-19.313221,23.134739,47.492687,-17.656763,21.222258,47.539528,-17.403820,21.323246,50.740200,-17.075691,21.937166,26.378143,-17.200678,22.091915,26.166916,-18.861324,21.255692,35.342274,-17.895498,18.962814,36.007710,-17.661745,19.818687,25.960531,-17.344965,19.973442,25.749304,-19.005610,18.681816,36.247345,-19.489197,20.885557,35.278496,-19.722965],
    
    "morphTargets": [],
    
    "morphColors": [],